id,x1,y1,x2,y2,type
0,16.973353400675418,51.079838311478575,16.9698074183283,51.12977447685173,1
1,16.973258852382926,51.079879535243386,16.900789949888935,51.16200462162246,2
2,16.973255537927812,51.07988098045477,17.02071175714551,51.13626566200546,3
